{"content": {"suites": {"0": {"status": {"total_pass": 3, "total_skip": 0, "total_xpass": 0, "total_xfail": 0, "total_rerun": 0, "total_fail": 4, "total_error": 0}, "tests": {"0": {"status": "FAIL", "message": "   selenium.common.exceptions.ElementNotInteractableException: Message: element not interactable\n     (Session info: chrome=111.0.5563.147)\n   Stacktrace:\n   Backtrace:\n   \t(No symbol) [0x00E9DCE3]\n   \t(No symbol) [0x00E339D1]\n   \t(No symbol) [0x00D44C70]\n   \t(No symbol) [0x00D6BF66]\n   \t(No symbol) [0x00D6B830]\n   \t(No symbol) [0x00D8AECC]\n   \t(No symbol) [0x00D68726]\n   \t(No symbol) [0x00D8B224]\n   \t(No symbol) [0x00D9D57C]\n   \t(No symbol) [0x00D8ACC6]\n   \t(No symbol) [0x00D66F68]\n   \t(No symbol) [0x00D680CD]\n   \tGetHandleVerifier [0x01113832+2506274]\n   \tGetHandleVerifier [0x01149794+2727300]\n   \tGetHandleVerifier [0x0114E36C+2746716]\n   \tGetHandleVerifier [0x00F46690+617600]\n   \t(No symbol) [0x00E3C712]\n   \t(No symbol) [0x00E41FF8]\n   \t(No symbol) [0x00E420DB]\n   \t(No symbol) [0x00E4C63B]\n   \tBaseThreadInitThunk [0x758BFA29+25]\n   \tRtlGetAppContainerNamedObjectPath [0x779B7A7E+286]\n   \tRtlGetAppContainerNamedObjectPath [0x779B7A4E+238]\n", "test_name": "test_prueba01_Register[unavainabien99ad-5aawd47a]", "rerun": "0"}, "1": {"status": "FAIL", "message": "   selenium.common.exceptions.ElementNotInteractableException: Message: element not interactable\n     (Session info: chrome=111.0.5563.147)\n   Stacktrace:\n   Backtrace:\n   \t(No symbol) [0x00E9DCE3]\n   \t(No symbol) [0x00E339D1]\n   \t(No symbol) [0x00D44C70]\n   \t(No symbol) [0x00D6BF66]\n   \t(No symbol) [0x00D6B830]\n   \t(No symbol) [0x00D8AECC]\n   \t(No symbol) [0x00D68726]\n   \t(No symbol) [0x00D8B224]\n   \t(No symbol) [0x00D9D57C]\n   \t(No symbol) [0x00D8ACC6]\n   \t(No symbol) [0x00D66F68]\n   \t(No symbol) [0x00D680CD]\n   \tGetHandleVerifier [0x01113832+2506274]\n   \tGetHandleVerifier [0x01149794+2727300]\n   \tGetHandleVerifier [0x0114E36C+2746716]\n   \tGetHandleVerifier [0x00F46690+617600]\n   \t(No symbol) [0x00E3C712]\n   \t(No symbol) [0x00E41FF8]\n   \t(No symbol) [0x00E420DB]\n   \t(No symbol) [0x00E4C63B]\n   \tBaseThreadInitThunk [0x758BFA29+25]\n   \tRtlGetAppContainerNamedObjectPath [0x779B7A7E+286]\n   \tRtlGetAppContainerNamedObjectPath [0x779B7A4E+238]\n", "test_name": "test_prueba01_Register[unacosaqauaesitaa-5aa]", "rerun": "0"}, "2": {"status": "FAIL", "message": "   selenium.common.exceptions.NoSuchElementException: Message: no such element: Unable to locate element: {\"method\":\"xpath\",\"selector\":\"//input[@id='login username']\"}\n     (Session info: chrome=111.0.5563.147)\n   Stacktrace:\n   Backtrace:\n   \t(No symbol) [0x00E9DCE3]\n   \t(No symbol) [0x00E339D1]\n   \t(No symbol) [0x00D44DA8]\n   \t(No symbol) [0x00D7019F]\n   \t(No symbol) [0x00D703AB]\n   \t(No symbol) [0x00D9EE62]\n   \t(No symbol) [0x00D8AF14]\n   \t(No symbol) [0x00D9D57C]\n   \t(No symbol) [0x00D8ACC6]\n   \t(No symbol) [0x00D66F68]\n   \t(No symbol) [0x00D680CD]\n   \tGetHandleVerifier [0x01113832+2506274]\n   \tGetHandleVerifier [0x01149794+2727300]\n   \tGetHandleVerifier [0x0114E36C+2746716]\n   \tGetHandleVerifier [0x00F46690+617600]\n   \t(No symbol) [0x00E3C712]\n   \t(No symbol) [0x00E41FF8]\n   \t(No symbol) [0x00E420DB]\n   \t(No symbol) [0x00E4C63B]\n   \tBaseThreadInitThunk [0x758BFA29+25]\n   \tRtlGetAppContainerNamedObjectPath [0x779B7A7E+286]\n   \tRtlGetAppContainerNamedObjectPath [0x779B7A4E+238]\n", "test_name": "test_prueba02_Login[unacosaquesita-5a]", "rerun": "0"}, "3": {"status": "FAIL", "message": "   selenium.common.exceptions.NoSuchElementException: Message: no such element: Unable to locate element: {\"method\":\"xpath\",\"selector\":\"//input[@id='login username']\"}\n     (Session info: chrome=111.0.5563.147)\n   Stacktrace:\n   Backtrace:\n   \t(No symbol) [0x00E9DCE3]\n   \t(No symbol) [0x00E339D1]\n   \t(No symbol) [0x00D44DA8]\n   \t(No symbol) [0x00D7019F]\n   \t(No symbol) [0x00D703AB]\n   \t(No symbol) [0x00D9EE62]\n   \t(No symbol) [0x00D8AF14]\n   \t(No symbol) [0x00D9D57C]\n   \t(No symbol) [0x00D8ACC6]\n   \t(No symbol) [0x00D66F68]\n   \t(No symbol) [0x00D680CD]\n   \tGetHandleVerifier [0x01113832+2506274]\n   \tGetHandleVerifier [0x01149794+2727300]\n   \tGetHandleVerifier [0x0114E36C+2746716]\n   \tGetHandleVerifier [0x00F46690+617600]\n   \t(No symbol) [0x00E3C712]\n   \t(No symbol) [0x00E41FF8]\n   \t(No symbol) [0x00E420DB]\n   \t(No symbol) [0x00E4C63B]\n   \tBaseThreadInitThunk [0x758BFA29+25]\n   \tRtlGetAppContainerNamedObjectPath [0x779B7A7E+286]\n   \tRtlGetAppContainerNamedObjectPath [0x779B7A4E+238]\n", "test_name": "test_prueba02_Login[unacosaquesiaatqqa-5aaaaqqa]", "rerun": "0"}, "4": {"status": "PASS", "message": "", "test_name": "test_prueba03_Phones", "rerun": "0"}, "5": {"status": "PASS", "message": "", "test_name": "test_prueba03_Monitors", "rerun": "0"}, "6": {"status": "PASS", "message": "", "test_name": "test_prueba03_Laptop", "rerun": "0"}}, "suite_name": "test_Main.py"}}}, "date": "April 08, 2023", "start_time": 1681005733.3403254, "total_suite": 1, "status": "FAIL", "status_list": {"pass": "3", "fail": "4", "skip": "0", "error": "0", "xpass": "0", "xfail": "0", "rerun": "0"}, "total_tests": "7"}